Fri Mar 24 10:30:46 CDT 2017,Samsung Galaxy s7,the,11021
Fri Mar 24 10:30:46 CDT 2017,Samsung Galaxy s7,i,8433
Fri Mar 24 10:30:46 CDT 2017,Samsung Galaxy s7,and,5937
Fri Mar 24 10:30:46 CDT 2017,Samsung Galaxy s7,to,5775
Fri Mar 24 10:30:46 CDT 2017,Samsung Galaxy s7,phone,5375
Fri Mar 24 10:30:46 CDT 2017,Samsung Galaxy s7,it,4843
Fri Mar 24 10:30:46 CDT 2017,Samsung Galaxy s7,a,4669
Fri Mar 24 10:30:46 CDT 2017,Samsung Galaxy s7,,3911
Fri Mar 24 10:30:46 CDT 2017,Samsung Galaxy s7,is,3775
Fri Mar 24 10:30:46 CDT 2017,Samsung Galaxy s7,my,3464
Fri Mar 24 10:30:46 CDT 2017,Samsung Galaxy s7,this,2519
Fri Mar 24 10:30:46 CDT 2017,Samsung Galaxy s7,of,2093
Fri Mar 24 10:30:46 CDT 2017,Samsung Galaxy s7,with,2085
Fri Mar 24 10:30:46 CDT 2017,Samsung Galaxy s7,for,1809
Fri Mar 24 10:30:46 CDT 2017,Samsung Galaxy s7,have,1786
Fri Mar 24 10:30:46 CDT 2017,Samsung Galaxy s7,had,1689
Fri Mar 24 10:30:46 CDT 2017,Samsung Galaxy s7,that,1658
Fri Mar 24 10:30:46 CDT 2017,Samsung Galaxy s7,so,1581
Fri Mar 24 10:30:46 CDT 2017,Samsung Galaxy s7,but,1518
Fri Mar 24 10:30:46 CDT 2017,Samsung Galaxy s7,was,1470
Fri Mar 24 10:30:46 CDT 2017,Samsung Galaxy s7,not,1426
Fri Mar 24 10:30:46 CDT 2017,Samsung Galaxy s7,on,1410
Fri Mar 24 10:30:46 CDT 2017,Samsung Galaxy s7,great,1372
Fri Mar 24 10:30:46 CDT 2017,Samsung Galaxy s7,love,1348
Fri Mar 24 10:30:46 CDT 2017,Samsung Galaxy s7,s7,1339
Fri Mar 24 10:30:46 CDT 2017,Samsung Galaxy s7,battery,1243
Fri Mar 24 10:30:46 CDT 2017,Samsung Galaxy s7,in,1242
Fri Mar 24 10:30:46 CDT 2017,Samsung Galaxy s7,like,1167
Fri Mar 24 10:30:46 CDT 2017,Samsung Galaxy s7,from,1137
Fri Mar 24 10:30:46 CDT 2017,Samsung Galaxy s7,very,1114
Fri Mar 24 10:30:46 CDT 2017,Samsung Galaxy s7,use,1042
Fri Mar 24 10:30:46 CDT 2017,Samsung Galaxy s7,new,978
Fri Mar 24 10:30:46 CDT 2017,Samsung Galaxy s7,galaxy,972
Fri Mar 24 10:30:46 CDT 2017,Samsung Galaxy s7,as,909
Fri Mar 24 10:30:46 CDT 2017,Samsung Galaxy s7,all,902
Fri Mar 24 10:30:46 CDT 2017,Samsung Galaxy s7,its,898
Fri Mar 24 10:30:46 CDT 2017,Samsung Galaxy s7,samsung,897
Fri Mar 24 10:30:46 CDT 2017,Samsung Galaxy s7,features,890
Fri Mar 24 10:30:46 CDT 2017,Samsung Galaxy s7,easy,881
Fri Mar 24 10:30:46 CDT 2017,Samsung Galaxy s7,camera,792
Fri Mar 24 10:30:46 CDT 2017,Samsung Galaxy s7,screen,773
Fri Mar 24 10:30:46 CDT 2017,Samsung Galaxy s7,are,747
Fri Mar 24 10:30:46 CDT 2017,Samsung Galaxy s7,has,747
Fri Mar 24 10:30:46 CDT 2017,Samsung Galaxy s7,an,738
Fri Mar 24 10:30:46 CDT 2017,Samsung Galaxy s7,than,735
Fri Mar 24 10:30:46 CDT 2017,Samsung Galaxy s7,am,731
Fri Mar 24 10:30:46 CDT 2017,Samsung Galaxy s7,be,719
Fri Mar 24 10:30:46 CDT 2017,Samsung Galaxy s7,better,716
Fri Mar 24 10:30:46 CDT 2017,Samsung Galaxy s7,just,704
Fri Mar 24 10:30:46 CDT 2017,Samsung Galaxy s7,good,701
Fri Mar 24 10:30:46 CDT 2017,Samsung Galaxy s7,s5,700
Fri Mar 24 10:30:46 CDT 2017,Samsung Galaxy s7,bought,694
Fri Mar 24 10:30:46 CDT 2017,Samsung Galaxy s7,week,657
Fri Mar 24 10:30:46 CDT 2017,Samsung Galaxy s7,only,655
Fri Mar 24 10:30:46 CDT 2017,Samsung Galaxy s7,life,636
Fri Mar 24 10:30:46 CDT 2017,Samsung Galaxy s7,ago,633
Fri Mar 24 10:30:46 CDT 2017,Samsung Galaxy s7,about,627
Fri Mar 24 10:30:46 CDT 2017,Samsung Galaxy s7,im,626
Fri Mar 24 10:30:46 CDT 2017,Samsung Galaxy s7,much,624
Fri Mar 24 10:30:46 CDT 2017,Samsung Galaxy s7,one,622
Fri Mar 24 10:30:46 CDT 2017,Samsung Galaxy s7,you,591
Fri Mar 24 10:30:46 CDT 2017,Samsung Galaxy s7,me,558
Fri Mar 24 10:30:46 CDT 2017,Samsung Galaxy s7,more,556
Fri Mar 24 10:30:46 CDT 2017,Samsung Galaxy s7,far,539
Fri Mar 24 10:30:46 CDT 2017,Samsung Galaxy s7,would,519
Fri Mar 24 10:30:46 CDT 2017,Samsung Galaxy s7,get,516
Fri Mar 24 10:30:46 CDT 2017,Samsung Galaxy s7,old,507
Fri Mar 24 10:30:46 CDT 2017,Samsung Galaxy s7,really,503
Fri Mar 24 10:30:46 CDT 2017,Samsung Galaxy s7,happy,498
Fri Mar 24 10:30:46 CDT 2017,Samsung Galaxy s7,ive,491
Fri Mar 24 10:30:46 CDT 2017,Samsung Galaxy s7,up,487
Fri Mar 24 10:30:46 CDT 2017,Samsung Galaxy s7,weeks,478
Fri Mar 24 10:30:46 CDT 2017,Samsung Galaxy s7,got,476
Fri Mar 24 10:30:46 CDT 2017,Samsung Galaxy s7,when,474
Fri Mar 24 10:30:46 CDT 2017,Samsung Galaxy s7,at,469
Fri Mar 24 10:30:46 CDT 2017,Samsung Galaxy s7,still,468
Fri Mar 24 10:30:46 CDT 2017,Samsung Galaxy s7,no,459
Fri Mar 24 10:30:46 CDT 2017,Samsung Galaxy s7,fast,459
Fri Mar 24 10:30:46 CDT 2017,Samsung Galaxy s7,out,451
Fri Mar 24 10:30:46 CDT 2017,Samsung Galaxy s7,apps,436
Fri Mar 24 10:30:46 CDT 2017,Samsung Galaxy s7,s4,430
Fri Mar 24 10:30:46 CDT 2017,Samsung Galaxy s7,or,425
Fri Mar 24 10:30:46 CDT 2017,Samsung Galaxy s7,do,419
Fri Mar 24 10:30:46 CDT 2017,Samsung Galaxy s7,time,417
Fri Mar 24 10:30:46 CDT 2017,Samsung Galaxy s7,been,402
Fri Mar 24 10:30:46 CDT 2017,Samsung Galaxy s7,can,392
Fri Mar 24 10:30:46 CDT 2017,Samsung Galaxy s7,dont,392
Fri Mar 24 10:30:46 CDT 2017,Samsung Galaxy s7,phones,384
Fri Mar 24 10:30:46 CDT 2017,Samsung Galaxy s7,if,380
Fri Mar 24 10:30:46 CDT 2017,Samsung Galaxy s7,also,373
Fri Mar 24 10:30:46 CDT 2017,Samsung Galaxy s7,2,365
Fri Mar 24 10:30:46 CDT 2017,Samsung Galaxy s7,now,360
Fri Mar 24 10:30:46 CDT 2017,Samsung Galaxy s7,some,351
Fri Mar 24 10:30:46 CDT 2017,Samsung Galaxy s7,will,344
Fri Mar 24 10:30:46 CDT 2017,Samsung Galaxy s7,upgraded,340
Fri Mar 24 10:30:46 CDT 2017,Samsung Galaxy s7,they,337
Fri Mar 24 10:30:46 CDT 2017,Samsung Galaxy s7,day,328
Fri Mar 24 10:30:46 CDT 2017,Samsung Galaxy s7,other,324
Fri Mar 24 10:30:46 CDT 2017,Samsung Galaxy s7,even,314
Fri Mar 24 10:30:46 CDT 2017,Samsung Galaxy s7,did,314
Fri Mar 24 10:30:46 CDT 2017,Samsung Galaxy s7,iphone,313
Fri Mar 24 10:30:46 CDT 2017,Samsung Galaxy s7,upgrade,311
Fri Mar 24 10:30:46 CDT 2017,Samsung Galaxy s7,how,306
Fri Mar 24 10:30:46 CDT 2017,Samsung Galaxy s7,back,306
Fri Mar 24 10:30:46 CDT 2017,Samsung Galaxy s7,well,299
Fri Mar 24 10:30:46 CDT 2017,Samsung Galaxy s7,which,296
Fri Mar 24 10:30:46 CDT 2017,Samsung Galaxy s7,everything,295
Fri Mar 24 10:30:46 CDT 2017,Samsung Galaxy s7,last,295
Fri Mar 24 10:30:46 CDT 2017,Samsung Galaxy s7,over,295
Fri Mar 24 10:30:46 CDT 2017,Samsung Galaxy s7,because,294
Fri Mar 24 10:30:46 CDT 2017,Samsung Galaxy s7,used,292
Fri Mar 24 10:30:46 CDT 2017,Samsung Galaxy s7,nice,292
Fri Mar 24 10:30:46 CDT 2017,Samsung Galaxy s7,verizon,287
Fri Mar 24 10:30:46 CDT 2017,Samsung Galaxy s7,work,280
Fri Mar 24 10:30:46 CDT 2017,Samsung Galaxy s7,after,280
Fri Mar 24 10:30:46 CDT 2017,Samsung Galaxy s7,best,276
Fri Mar 24 10:30:46 CDT 2017,Samsung Galaxy s7,what,271
Fri Mar 24 10:30:46 CDT 2017,Samsung Galaxy s7,pictures,268
Fri Mar 24 10:30:46 CDT 2017,Samsung Galaxy s7,there,267
Fri Mar 24 10:30:46 CDT 2017,Samsung Galaxy s7,too,264
Fri Mar 24 10:30:46 CDT 2017,Samsung Galaxy s7,few,259
Fri Mar 24 10:30:46 CDT 2017,Samsung Galaxy s7,charge,246
Fri Mar 24 10:30:46 CDT 2017,Samsung Galaxy s7,transition,243
Fri Mar 24 10:30:46 CDT 2017,Samsung Galaxy s7,lot,241
Fri Mar 24 10:30:46 CDT 2017,Samsung Galaxy s7,does,232
Fri Mar 24 10:30:46 CDT 2017,Samsung Galaxy s7,glad,231
Fri Mar 24 10:30:46 CDT 2017,Samsung Galaxy s7,7,230
Fri Mar 24 10:30:46 CDT 2017,Samsung Galaxy s7,having,229
Fri Mar 24 10:30:46 CDT 2017,Samsung Galaxy s7,getting,228
Fri Mar 24 10:30:46 CDT 2017,Samsung Galaxy s7,any,226
Fri Mar 24 10:30:46 CDT 2017,Samsung Galaxy s7,cant,224
Fri Mar 24 10:30:46 CDT 2017,Samsung Galaxy s7,quality,223
Fri Mar 24 10:30:46 CDT 2017,Samsung Galaxy s7,s6,220
Fri Mar 24 10:30:46 CDT 2017,Samsung Galaxy s7,note,218
Fri Mar 24 10:30:46 CDT 2017,Samsung Galaxy s7,works,217
Fri Mar 24 10:30:46 CDT 2017,Samsung Galaxy s7,awesome,216
Fri Mar 24 10:30:46 CDT 2017,Samsung Galaxy s7,little,215
Fri Mar 24 10:30:46 CDT 2017,Samsung Galaxy s7,same,214
Fri Mar 24 10:30:46 CDT 2017,Samsung Galaxy s7,off,207
Fri Mar 24 10:30:46 CDT 2017,Samsung Galaxy s7,days,206
Fri Mar 24 10:30:46 CDT 2017,Samsung Galaxy s7,way,205
Fri Mar 24 10:30:46 CDT 2017,Samsung Galaxy s7,them,205
Fri Mar 24 10:30:46 CDT 2017,Samsung Galaxy s7,we,205
Fri Mar 24 10:30:46 CDT 2017,Samsung Galaxy s7,using,205
Fri Mar 24 10:30:46 CDT 2017,Samsung Galaxy s7,go,204
Fri Mar 24 10:30:46 CDT 2017,Samsung Galaxy s7,years,203
Fri Mar 24 10:30:46 CDT 2017,Samsung Galaxy s7,many,202
Fri Mar 24 10:30:46 CDT 2017,Samsung Galaxy s7,doesnt,199
Fri Mar 24 10:30:46 CDT 2017,Samsung Galaxy s7,then,199
Fri Mar 24 10:30:46 CDT 2017,Samsung Galaxy s7,amazing,197
Fri Mar 24 10:30:46 CDT 2017,Samsung Galaxy s7,two,196
Fri Mar 24 10:30:46 CDT 2017,Samsung Galaxy s7,could,196
Fri Mar 24 10:30:46 CDT 2017,Samsung Galaxy s7,5,194
Fri Mar 24 10:30:46 CDT 2017,Samsung Galaxy s7,things,194
Fri Mar 24 10:30:46 CDT 2017,Samsung Galaxy s7,overall,193
Fri Mar 24 10:30:46 CDT 2017,Samsung Galaxy s7,didnt,191
Fri Mar 24 10:30:46 CDT 2017,Samsung Galaxy s7,faster,191
Fri Mar 24 10:30:46 CDT 2017,Samsung Galaxy s7,learning,190
Fri Mar 24 10:30:46 CDT 2017,Samsung Galaxy s7,android,189
Fri Mar 24 10:30:46 CDT 2017,Samsung Galaxy s7,first,189
Fri Mar 24 10:30:46 CDT 2017,Samsung Galaxy s7,before,189
Fri Mar 24 10:30:46 CDT 2017,Samsung Galaxy s7,service,188
Fri Mar 24 10:30:46 CDT 2017,Samsung Galaxy s7,calls,188
Fri Mar 24 10:30:46 CDT 2017,Samsung Galaxy s7,3,188
Fri Mar 24 10:30:46 CDT 2017,Samsung Galaxy s7,long,186
Fri Mar 24 10:30:46 CDT 2017,Samsung Galaxy s7,feature,185
Fri Mar 24 10:30:46 CDT 2017,Samsung Galaxy s7,size,179
Fri Mar 24 10:30:46 CDT 2017,Samsung Galaxy s7,issues,178
Fri Mar 24 10:30:46 CDT 2017,Samsung Galaxy s7,by,177
Fri Mar 24 10:30:46 CDT 2017,Samsung Galaxy s7,charging,177
Fri Mar 24 10:30:46 CDT 2017,Samsung Galaxy s7,need,175
Fri Mar 24 10:30:46 CDT 2017,Samsung Galaxy s7,previous,172
Fri Mar 24 10:30:46 CDT 2017,Samsung Galaxy s7,seems,172
Fri Mar 24 10:30:46 CDT 2017,Samsung Galaxy s7,4,171
Fri Mar 24 10:30:46 CDT 2017,Samsung Galaxy s7,takes,170
Fri Mar 24 10:30:46 CDT 2017,Samsung Galaxy s7,memory,166
Fri Mar 24 10:30:46 CDT 2017,Samsung Galaxy s7,thing,161
Fri Mar 24 10:30:46 CDT 2017,Samsung Galaxy s7,problem,160
Fri Mar 24 10:30:46 CDT 2017,Samsung Galaxy s7,clear,159
Fri Mar 24 10:30:46 CDT 2017,Samsung Galaxy s7,wish,159
Fri Mar 24 10:30:46 CDT 2017,Samsung Galaxy s7,made,159
Fri Mar 24 10:30:46 CDT 2017,Samsung Galaxy s7,make,159
Fri Mar 24 10:30:46 CDT 2017,Samsung Galaxy s7,your,157
Fri Mar 24 10:30:46 CDT 2017,Samsung Galaxy s7,always,157
Fri Mar 24 10:30:46 CDT 2017,Samsung Galaxy s7,text,156
Fri Mar 24 10:30:46 CDT 2017,Samsung Galaxy s7,longer,154
Fri Mar 24 10:30:46 CDT 2017,Samsung Galaxy s7,case,153
Fri Mar 24 10:30:46 CDT 2017,Samsung Galaxy s7,never,152
Fri Mar 24 10:30:46 CDT 2017,Samsung Galaxy s7,yet,151
Fri Mar 24 10:30:46 CDT 2017,Samsung Galaxy s7,card,150
Fri Mar 24 10:30:46 CDT 2017,Samsung Galaxy s7,device,150
Fri Mar 24 10:30:46 CDT 2017,Samsung Galaxy s7,wifi,150
Fri Mar 24 10:30:46 CDT 2017,Samsung Galaxy s7,pretty,147
Fri Mar 24 10:30:46 CDT 2017,Samsung Galaxy s7,problems,147
Fri Mar 24 10:30:46 CDT 2017,Samsung Galaxy s7,went,146
Fri Mar 24 10:30:46 CDT 2017,Samsung Galaxy s7,different,145
Fri Mar 24 10:30:46 CDT 2017,Samsung Galaxy s7,while,144
Fri Mar 24 10:30:46 CDT 2017,Samsung Galaxy s7,since,144
Fri Mar 24 10:30:46 CDT 2017,Samsung Galaxy s7,ever,143
Fri Mar 24 10:30:46 CDT 2017,Samsung Galaxy s7,want,142
Fri Mar 24 10:30:46 CDT 2017,Samsung Galaxy s7,app,142
Fri Mar 24 10:30:46 CDT 2017,Samsung Galaxy s7,couple,141
Fri Mar 24 10:30:46 CDT 2017,Samsung Galaxy s7,most,140
Fri Mar 24 10:30:46 CDT 2017,Samsung Galaxy s7,recommend,139
Fri Mar 24 10:30:46 CDT 2017,Samsung Galaxy s7,water,137
Fri Mar 24 10:30:46 CDT 2017,Samsung Galaxy s7,s3,137
Fri Mar 24 10:30:46 CDT 2017,Samsung Galaxy s7,call,137
Fri Mar 24 10:30:46 CDT 2017,Samsung Galaxy s7,down,136
Fri Mar 24 10:30:46 CDT 2017,Samsung Galaxy s7,purchased,134
Fri Mar 24 10:30:46 CDT 2017,Samsung Galaxy s7,think,133
Fri Mar 24 10:30:46 CDT 2017,Samsung Galaxy s7,know,133
Fri Mar 24 10:30:46 CDT 2017,Samsung Galaxy s7,were,133
Fri Mar 24 10:30:46 CDT 2017,Samsung Galaxy s7,find,132
Fri Mar 24 10:30:46 CDT 2017,Samsung Galaxy s7,storage,132
Fri Mar 24 10:30:46 CDT 2017,Samsung Galaxy s7,issue,131
Fri Mar 24 10:30:46 CDT 2017,Samsung Galaxy s7,however,131
Fri Mar 24 10:30:46 CDT 2017,Samsung Galaxy s7,easier,129
Fri Mar 24 10:30:46 CDT 2017,Samsung Galaxy s7,sound,129
Fri Mar 24 10:30:46 CDT 2017,Samsung Galaxy s7,excellent,128
Fri Mar 24 10:30:46 CDT 2017,Samsung Galaxy s7,photos,127
Fri Mar 24 10:30:46 CDT 2017,Samsung Galaxy s7,another,126
Fri Mar 24 10:30:46 CDT 2017,Samsung Galaxy s7,less,125
Fri Mar 24 10:30:46 CDT 2017,Samsung Galaxy s7,without,125
Fri Mar 24 10:30:46 CDT 2017,Samsung Galaxy s7,month,124
Fri Mar 24 10:30:46 CDT 2017,Samsung Galaxy s7,data,121
Fri Mar 24 10:30:46 CDT 2017,Samsung Galaxy s7,speed,121
Fri Mar 24 10:30:46 CDT 2017,Samsung Galaxy s7,user,120
Fri Mar 24 10:30:46 CDT 2017,Samsung Galaxy s7,home,119
Fri Mar 24 10:30:46 CDT 2017,Samsung Galaxy s7,havent,119
Fri Mar 24 10:30:46 CDT 2017,Samsung Galaxy s7,though,119
Fri Mar 24 10:30:46 CDT 2017,Samsung Galaxy s7,set,118
Fri Mar 24 10:30:46 CDT 2017,Samsung Galaxy s7,see,118
Fri Mar 24 10:30:46 CDT 2017,Samsung Galaxy s7,store,116
Fri Mar 24 10:30:46 CDT 2017,Samsung Galaxy s7,transfer,116
Fri Mar 24 10:30:46 CDT 2017,Samsung Galaxy s7,going,116
Fri Mar 24 10:30:46 CDT 2017,Samsung Galaxy s7,pleased,115
Fri Mar 24 10:30:46 CDT 2017,Samsung Galaxy s7,big,115
Fri Mar 24 10:30:46 CDT 2017,Samsung Galaxy s7,edge,115
Fri Mar 24 10:30:46 CDT 2017,Samsung Galaxy s7,should,115
Fri Mar 24 10:30:46 CDT 2017,Samsung Galaxy s7,take,114
Fri Mar 24 10:30:46 CDT 2017,Samsung Galaxy s7,glass,112
Fri Mar 24 10:30:46 CDT 2017,Samsung Galaxy s7,sd,112
Fri Mar 24 10:30:46 CDT 2017,Samsung Galaxy s7,through,112
Fri Mar 24 10:30:46 CDT 2017,Samsung Galaxy s7,able,111
Fri Mar 24 10:30:46 CDT 2017,Samsung Galaxy s7,every,110
Fri Mar 24 10:30:46 CDT 2017,Samsung Galaxy s7,sure,109
Fri Mar 24 10:30:46 CDT 2017,Samsung Galaxy s7,say,108
Fri Mar 24 10:30:46 CDT 2017,Samsung Galaxy s7,bit,108
Fri Mar 24 10:30:46 CDT 2017,Samsung Galaxy s7,took,108
Fri Mar 24 10:30:46 CDT 2017,Samsung Galaxy s7,why,108
